"claim_id","theme","claim","relation","source","scope","note"
"C001","行为门槛","行为并不只由动机决定，还受能力和机会约束","supports-framework","michie2011behaviour","行为改变框架","框架适合诊断，但尚未证明三个成分的充分性或固定交互形式"
"C002","意向","只要增强意向，就会产生等量行为改变","conflicts","webb2006intention","47个随机或准随机实验","意向变化d=.66，行为变化d=.36"
"C003","计划行为","TPB能完整解释人的实际行为","qualifies","armitage2001tpbmeta","185项独立研究","解释约39%的意向差异和27%的行为差异，客观行为更低"
"C004","期望价值","期望、工具性和效价必须相乘才能最好预测表现","conflicts-strong-version","vaneerde1996vroom","77项工作动机研究","完整乘法未稳定优于单独成分，意向预测强于实际表现"
"C005","自我效能","提高自我效能会稳定提高未来表现","qualifies-reverse-causality","sitzmann2013selfefficacy","个体内元分析","过去表现到后续效能通常强于效能到未来表现"
"C006","目标设定","具体困难目标通常提高简单或熟练任务表现","supports","mento1987goalmeta","历史元分析","语料较旧且多为短期、易量化任务"
"C007","目标设定","具体困难目标在所有任务上同样有效","conflicts","wood1987complexity","125项研究","复杂任务效应显著较弱，探索阶段可能更适合学习目标"
"C008","目标设定","目标增强的动力必然服务真正绩效","conflicts","schweitzer2004unethical","实验室实验","未达到具体目标者更可能虚报结果"
"C009","执行意图","if-then计划能帮助已有目标转成行动","supports","gollwitzer2006implementation","94个独立检验","不创造价值、技能、机会或承诺"
"C010","执行意图","执行意图在真实场景中的效果与早期实验同样大","qualifies","wang2021mcii","21项现场研究","现场综合效应较早期元分析小，并检测到发表偏差"
"C011","习惯","过去行为频率可以直接当作习惯","conflicts-measurement","ouellette1998habit","元分析与原始研究","频率混入稳定偏好、机会和环境"
"C012","习惯","21天可以普遍养成习惯","conflicts","lally2010habits","12周自然纵向研究","个体估计约18到254天，约66天也不是普遍期限"
"C013","习惯","习惯与意向只能二选一地控制行为","conflicts","hagger2023habitmeta","267项研究","习惯与意向各自独立预测行为"
"C014","时间折扣","时间折扣率是稳定、跨领域的短视人格常数","conflicts","frederick2002discounting","批判性综述","测量混入不确定性、流动性、情绪、金额、框架和信任"
"C015","奖励","预期有形奖励可能降低高兴趣任务撤奖后的自由选择","supports-conditional","deci1999rewards","128项实验","效应依赖奖励条件、初始兴趣和结果指标"
"C016","奖励","奖励普遍破坏所有内在动力","conflicts-strong-version","cameron2001rewards","元分析重新编码","显著负效应集中于特定高兴趣任务和奖励条件"
"C017","奖励","内在动机与外在激励必然互相抵消","conflicts","cerasoli2014intrinsic","183个样本","二者可共同预测，内在动机偏质量、外在激励偏数量"
"C018","奖励","健康行为可以直接套用拼图任务的奖励挤出结论","conflicts-generalization","promberger2013incentives","跨文献综述","许多健康行为并无高初始内在兴趣"
"C019","多巴胺","多巴胺就是快乐物质","conflicts-concept","schultz1997prediction;berridge1998incentive;salamone2024effort","动物神经、综述","预测误差、行动激活、wanting和liking属于不同层次"
"C020","奖励","wanting等于liking","conflicts","berridge2016liking;pool2016measurement","动物、临床与系统综述","分离最强证据集中于成瘾和动物，人类测量仍不统一"
"C021","好奇","具体信息缺口可以激发求知动力","supports-qualifies","loewenstein1994curiosity;kang2009curiosity","理论综述与实验","缺口过大、威胁自我或预期无解时也可能回避"
"C022","心流","挑战与技能匹配足以产生心流","conflicts-strong-version","fong2015flow","元分析","清晰目标、控制感、文化、场景和测量都改变关系"
"C023","心流","心流会单向导致更高表现","correlates-causal-unknown","harris2021flowperformance","系统综述与元分析","表现顺利也可能引起心流，或形成双向反馈"
"C024","无聊","无聊只是刺激太少","conflicts","westgate2018boredom","理论与实验","过易、过难、注意不匹配和缺乏意义都可能引发无聊"
"C025","无聊","无聊会促使人寻找更好的活动","qualifies","bench2019boredom","三项实验","无聊推动换状态，但也可能选择负面新奇体验"
"C026","恐惧","恐惧诉求平均可能小幅促进行为","supports-qualifies","tannenbaum2015fear","127篇、248个样本","效能信息、易感性、严重性和行动结构调节结果"
"C027","恐惧","威胁越强，行为改变越大","conflicts-strong-version","peters2013fear","严格重新分析","高效能时威胁才较可能产生正效果"
"C028","抗拒","自由威胁语言会提高即时心理抗拒","supports-small","rains2013reactance;li2026reactance","两项元分析","真实长期行为和重复暴露证据较少"
"C029","归属","社会排斥会产生即时归属威胁和心理受损","supports","hartgerink2015ostracism","120项Cyberball研究","主要是短时人工范式"
"C030","归属","被排斥后人必然寻求重新连接","conflicts-strong-version","maner2007reconnection","六项实验","是否接近取决于伙伴可接近性、拒绝预期和情境"
"C031","身份","群体身份会促进内群合作","supports-qualifies","balliet2014ingroup","元分析","相互依赖和共同身份知识时更强"
"C032","身份","群体身份必然造成外群仇恨","conflicts-strong-version","tajfel1971minimal;balliet2014ingroup","实验与元分析","证据更稳定支持内群偏爱，而不是主动伤害外群"
"C033","地位","地位奖励可以促进公共贡献","supports","willer2009status;hardy2006altruism","多项实验","地位动机与关怀动机可以并存"
"C034","地位","地位追求只会产生亲社会行为","conflicts","pettit2016status","实验","避免地位下降可增加作弊"
"C035","社会比较","受威胁时人普遍向下比较","conflicts","gerber2018comparison","元分析","没有发现普遍向下偏好，向上比较更常见"
"C036","规范","一致多数能引发部分公开从众","supports-qualifies","asch1956conformity;bond1996culture","实验与元分析","盟友、时代和文化显著调节"
"C037","规范","发送一条社会规范信息能稳定改变现实健康行为","weak-conflicts-strong-version","papakonstantinou2025norms","89项RCT","校正发表偏差后平均效果接近零"
"C038","规范","描述性规范总会把行为推向更好方向","conflicts-backfire","schultz2007norms","现场实验","平均能耗信息使原本低耗能家庭增加用电"
"C039","信任","信任游戏中的转账是纯粹信任测量","conflicts-measurement","cox2004trust","三游戏实验","转账混有利他和平等偏好，返还混有互惠和分配偏好"
"C040","合作","未来重复互动可以促进合作","supports","dalbo2005repeated","随机延续重复博弈实验","不要求参与者具有无条件利他动机"
"C041","合作","惩罚机会必然促进合作","conflicts-strong-version","herrmann2008punishment","16个跨社会样本","反社会惩罚有时抵消合作收益"
"C042","合作","直觉和时间压力普遍提高合作","fails-to-replicate","bouwmeester2017replication","21实验室预注册复制","意向治疗分析中效果接近零"
"C043","亲社会","真实可观察性会小幅提高亲社会行为","supports-small","bradley2018observability","117篇、N=788164","真实旁观、后果和重复互动时更强，现场弱于实验室"
"C044","亲社会","抽象眼睛图片能可靠提高慷慨","conflicts","northover2017eyes","两项元分析","真实观察与人工监视线索不是同一操纵"
"C045","意义","看见工作对他人的影响可以提高投入和绩效","supports-qualifies","grant2008significance","三项现场实验","受价值观、尽责性和工作类型调节"
"C046","意义","人生目的感会直接延长寿命","correlates-not-causal","sutin2026purpose","25个纵向样本、N=488765","关联稳健但异质，反向因果和共同原因仍不能排除"
"C047","自述","当事人的流畅解释足以识别实际行为机制","conflicts-measurement","nisbett1977verbal;johansson2005choiceblindness","综述与选择盲视实验","自述仍可有效记录体验和有意识理由"
"C048","层级","人群平均关系可以直接解释某个人的一次行动","conflicts-level","fisher2018generalizability","密集重复测量研究","个体内与群体间结构可能明显不同"
"C049","个体因果","已知人群因果效应后，就能确定某个人这一次结果的唯一原因","conflicts-identification","dawid2016causality","因果概率与个体归因分析","个体未发生的反事实不可同时观察，常只能得到概率边界"
"C050","因果识别","观察研究永远不能识别因果效应","conflicts-strong-version","shpitser2006identification;hernan2020whatif","因果图与识别理论","在明确一致性、交换性、正值性和干预版本等假设时部分观察问题可识别"
"C051","多因路径","同一个行为结果通常存在唯一必要且充分的动机","conflicts","cicchetti1996equifinality;rothman1976causes","发展科学与充分组分原因模型","不同路径可达同一结果，同一因素也可产生不同结果"
"C052","复杂性","不可精确预测等于没有原因","conflicts-concept","lorenz1963flow","确定性动力系统","确定性系统也可能因初始条件敏感而失去长期预测能力"
"C053","路径依赖","具体文化产品的成功可以由质量和共同规则唯一解释","conflicts","salganik2006market","平行人工音乐市场实验","社会影响增强不平等并降低具体赢家的可预测性，质量仍约束极端结果"
"C054","涌现","强烈宏观隔离必须来自每个人强烈的隔离意图","conflicts-level","schelling1971segregation","生成性模型","局部偏好和互动足以生成远强于个体偏好的宏观隔离"
"C055","涌现","群体结果可以直接反推出所有成员共享的行动动机","conflicts-level","granovetter1978thresholds","阈值模型","相近平均偏好的群体可因阈值分布和早期行动产生不同结果"
"C056","预测解释","行为预测准确率高就说明已经知道人的动力","conflicts-concept","shmueli2010predict","统计建模方法论","代理变量和稳定相关可以预测，却未识别机制或干预效应"
"C057","事后解释","结果发生后能讲通的理论就得到支持","conflicts-method","fischhoff1975hindsight;kerr1998harking","实验与方法论综述","结果知识会改变事前可能性判断，发现阶段不能伪装成验证"
"C058","人格归因","观察一次行为就能读取稳定人格或动机","conflicts-context","jones1967attribution;miller1984culture","实验与跨文化研究","情境约束容易被低估，归因风格还受文化影响"
"C059","层级","群体模型无需检验即可外推到同一个人的时间变化","conflicts-level","fisher2018generalizability;molenaar2004idiographic","密集重复测量与非遍历性理论","个体内结构可能不同于群体间结构"
"C060","自述","当事人自述的原因要么完全真实，要么完全无效","conflicts-false-dichotomy","nisbett1977verbal;ericsson1980verbal","综述与认知方法论","自述可记录体验和有意识理由，但不能单独识别全部因果过程"
